{"cameraMode":{"drawMode":0,"name":"Shaded","section":"Shading Mode"},"sceneLighting":false,"audioPlay":false,"sceneViewState":{"m_AlwaysRefresh":false,"showFog":true,"showSkybox":false,"showFlares":true,"showImageEffects":true,"showParticleSystems":true,"showVisualEffectGraphs":true,"m_FxEnabled":true},"in2DMode":false,"pivot":{"x":-0.05487823486328125,"y":1.5572078227996827,"z":-0.4087224006652832},"rotation":{"x":0.10056120902299881,"y":-0.7912839651107788,"z":0.13537423312664033,"w":0.5877871513366699},"size":7.956966400146484,"orthographic":false}