{"cameraMode":{"drawMode":0,"name":"Shaded","section":"Shading Mode"},"sceneLighting":false,"audioPlay":false,"sceneViewState":{"m_AlwaysRefresh":false,"showFog":true,"showSkybox":false,"showFlares":true,"showImageEffects":true,"showParticleSystems":true,"showVisualEffectGraphs":true,"m_FxEnabled":true},"in2DMode":false,"pivot":{"x":0.09898722171783447,"y":0.9270312786102295,"z":0.017206788063049318},"rotation":{"x":0.10056120902299881,"y":-0.7912839651107788,"z":0.13537423312664033,"w":0.5877871513366699},"size":3.3182201385498049,"orthographic":false}