{"cameraMode":{"drawMode":0,"name":"Shaded","section":"Shading Mode"},"sceneLighting":false,"audioPlay":false,"sceneViewState":{"m_AlwaysRefresh":false,"showFog":true,"showSkybox":false,"showFlares":true,"showImageEffects":true,"showParticleSystems":true,"showVisualEffectGraphs":true,"m_FxEnabled":true},"in2DMode":false,"pivot":{"x":-0.9609012603759766,"y":0.09727239608764649,"z":-0.611635684967041},"rotation":{"x":0.15089350938796998,"y":-0.7920161485671997,"z":0.21717813611030579,"w":0.5503075122833252},"size":1.5959011316299439,"orthographic":false}