{"cameraMode":{"drawMode":0,"name":"Shaded","section":"Shading Mode"},"sceneLighting":false,"audioPlay":false,"sceneViewState":{"m_AlwaysRefresh":false,"showFog":true,"showSkybox":false,"showFlares":true,"showImageEffects":true,"showParticleSystems":true,"showVisualEffectGraphs":true,"m_FxEnabled":true},"in2DMode":false,"pivot":{"x":0.03770074248313904,"y":0.4399949312210083,"z":-0.028805583715438844},"rotation":{"x":0.10056120902299881,"y":-0.7912839651107788,"z":0.13537423312664033,"w":0.5877871513366699},"size":0.905552864074707,"orthographic":false}