{"cameraMode":{"drawMode":0,"name":"Shaded","section":"Shading Mode"},"sceneLighting":false,"audioPlay":false,"sceneViewState":{"m_AlwaysRefresh":false,"showFog":true,"showSkybox":false,"showFlares":true,"showImageEffects":true,"showParticleSystems":true,"showVisualEffectGraphs":true,"m_FxEnabled":true},"in2DMode":false,"pivot":{"x":0.03966653347015381,"y":0.3500058650970459,"z":0.9615862369537354},"rotation":{"x":0.2797303795814514,"y":-0.49819597601890566,"z":0.17374658584594727,"w":0.8021388649940491},"size":1.2983537912368775,"orthographic":false}